Feature_ID,Result,top_ref,identity
a20f500706b0005fe884f0ecf17a8d8c,perfect,LjNodule209=LjNodule210=LjNodule211=LjNodule212=LjNodule213=LjNodule214=LjNodule215=LjNodule217=LjNodule218,100
8e2326d224a3adc2221c2c1932ab7c6b,perfect,LjRoot149,100
fca661a60cfccd85f8f8ce0970e5960d,perfect,LjRoot20=LjRoot37=LjRoot38=LjRoot129=LjRoot138=LjRoot192,100
26224096c4e323245382bff89c608796,perfect,LjRoot221,100
89314f2de8555c64042a0774d1e71967,perfect,LjRoot21=LjRoot60=LjRoot63=LjRoot68=LjRoot73=LjRoot77=LjRoot125=LjRoot143=LjRoot156=LjRoot157=LjRoot165=LjRoot173=LjRoot193=LjRoot197,100
5e87ec2e2aebaba32fe8246efde8adf8,perfect,LjRoot54=LjRoot59=LjRoot111=LjRoot147=LjRoot151=LjRoot154=LjRoot159=LjRoot182=LjRoot195=LjRoot250,100
8e95c9bcccd86e128b51f31effcf3a22,perfect,LjRoot72=LjRoot75=LjRoot76=LjRoot79=LjRoot86=LjRoot87=LjRoot93=LjRoot94=LjRoot95=LjRoot102=LjRoot103=LjRoot107=LjRoot109=LjRoot118=LjRoot120=LjRoot121=LjRoot124=LjRoot140=LjRoot148=LjRoot158=LjRoot166=LjRoot176=LjRoot180=LjRoot181=LjRoot187=LjRoot188=LjRoot189=LjRoot191=LjRoot199=LjRoot200=LjRoot201,100
139a898757d6d1108b58044e646ad0ba,perfect,LjRoot62=LjRoot69=LjRoot99=LjRoot126=LjRoot139=LjRoot150=LjRoot160=LjRoot161=LjRoot170=LjRoot171=LjRoot172=LjRoot203=LjRoot236=LjRoot260=LjRoot294=LjRoot302,100
7d0daa425e3e45b17ef01fe3da616164,noisy,LjRoot104=LjRoot239,98.9
938360be2e752fe3fb9d60a14cae8d89,perfect,LjRoot134=LjRoot135=LjRoot198,100
6983af9387085b361df4d6ec10d8a801,perfect,LjRoot228,100
3c863cf67a014692d9f01d71cba0f7fb,perfect,LjRoot18,100
34a2c7b37159a9a7b43d963bfde66ee2,other,LjRoot259,96.8
85fa8bb918a926d97659d9b64ca6fedd,other,NA,NA
698b6e7a46745f54b25ae9bb01f62f16,other,LjRoot28,96
ece0eb0811bd064e537f49c346b29ddf,perfect,LjRoot223,100
df3e7f1dd6d26a9131997f209d3e9c29,perfect,LjRoot196,100
bd797c368962e36c66f5b134c30960da,perfect,LjRoot162=LjRoot252,100
72b21d905100fa549a5321a4526e6e25,perfect,LjRoot1,100
62f6cee9b49f45c2fc88f50df857f65b,other,NA,NA
d632017373f04720a57e10f80900af82,other,LjRoot22=LjRoot241=LjRoot267,92.8
af5a04c273c855817be2e65494cbbfd2,other,LjRoot21=LjRoot60=LjRoot63=LjRoot68=LjRoot73=LjRoot77=LjRoot125=LjRoot143=LjRoot156=LjRoot157=LjRoot165=LjRoot173=LjRoot193=LjRoot197,96.6
3b34aa17d3cf1be28be06b78631e8d5f,noisy,LjRoot282,98.9
88dec2b2abdaecafd6a041949499e60b,noisy,LjRoot98=LjRoot238=LjRoot255=LjRoot265,98.2
15156b384fd18e465aa3391446959a2c,noisy,LjRoot82,97.8
df9f2b370d376b25986e3884751a61ca,noisy,LjRoot82,97.3
410cc237fd132df9d55f3006fa788651,noisy,LjRoot152,98.7
4ab4b82a687ed03f4468a67ec6335aca,perfect,LjRoot26=LjRoot39=LjRoot40=LjRoot41,100
4efa2c9ef383f65606440f48286f8e40,perfect,LjRoot25=LjRoot32=LjRoot33=LjRoot35=LjRoot36,100
37cb46a80ce73d50181555a8258e82a8,perfect,LjRoot82,100
aea0e0dd1f5be41492cd9ad3ed815bd1,perfect,LjRoot3,100
1212556e63e79a6228026e56ff8a0e17,perfect,LjRoot289,100
d9d89d3c442298998f67355d3a260a8e,other,LjRoot30,94.2
bd6720229b55e52b4f095dc493d42085,good,LjRoot183,99.5
c1f8f71307f018f3bd2c34fc98201d23,perfect,LjRoot240,100
d6bdf5b3d2d326a4a843b02f04a7f15b,noisy,LjRoot282,98.9
b4ed6e6b049f7f845cd5dfcd60208c95,perfect,LjRoot83=LjRoot84=LjRoot85=LjRoot130=LjRoot175=LjRoot178=LjRoot179=LjRoot290,100
2398837163b1f7dff95aeff5c3010fcb,perfect,LjRoot67=LjRoot74=LjRoot96=LjRoot105=LjRoot133=LjRoot144,100
d43ef0fd436584007058ede7a1f31402,other,LjRoot98=LjRoot238=LjRoot255=LjRoot265,90.3
e002e6b7a405bd92414d1db71fc176d0,perfect,LjRoot92=LjRoot232,100
c428026c4032b7bd85840b081d6ee95a,other,NA,NA
09e062860ed1838dbcec7ab25fe20eba,other,NA,NA
8e56db2fbdb58f02eb3980ed2a80a2c6,noisy,LjRoot223,98.7
2599d40669b78a17ff123f123dc9374d,other,NA,NA
858db78a9c577f69290c1f523f12a5e9,perfect,LjNodule209=LjNodule210=LjNodule211=LjNodule212=LjNodule213=LjNodule214=LjNodule215=LjNodule217=LjNodule218,100
7ad04377f6c8a5919255bb1c5986efcf,perfect,LjRoot219,100
1a5d0ca7a0cbeda1a2d3751ca71dc529,other,LjRoot227,92.6
28adab0fd84c429057d06a662f8e26f6,other,NA,NA
a5a6111ffb26c31b02a66f3bed7e7725,perfect,LjRoot299,100
8d57bd677bdaae4149ea03147f8e8f9a,noisy,LjRoot162=LjRoot252,98.9
11c750619af99d5bea5d7d7aca0a38ad,perfect,LjRoot10,100
5fb5b66d1a5665d3c6ee40f89bd51c41,perfect,LjRoot98=LjRoot238=LjRoot255=LjRoot265,100
c6028ab1f5813b36a2dffd32d0e38573,good,LjRoot1,99.7
c53b0187195cd1bf7dda2f0575023463,perfect,LjRoot291=LjRoot300,100
25f50286877b75132ef5ec0dc684eb73,other,NA,NA
daf9accc92549f00e786e8869f9d7df8,other,LjRoot117,96.8
d31beadd4fa965c07d645b0aec73e275,good,LjRoot283,99.7
7cef53b7fff2faec99ae98eddbe21e86,perfect,LjRoot244,100
87f39566970de45e4bddfac6db1828ea,perfect,LjRoot17,100
376bd74764937630f3edd72f265a1158,other,NA,NA
0d6d5832d1a9fff88261381fa52e8761,perfect,LjRoot243,100
565573c992a033884f18df23253529c3,noisy,LjRoot282,98.4
95440b7b049e7625d34e8acbee0a7c8c,noisy,LjRoot54=LjRoot59=LjRoot111=LjRoot147=LjRoot151=LjRoot154=LjRoot159=LjRoot182=LjRoot195=LjRoot250,98.7
02f3d74050aec106553a41873a8d1a31,noisy,LjRoot28,98.1
c0e06bafee7ab6b84c97f83c486171cd,noisy_chimera,LjRoot25=LjRoot32=LjRoot33=LjRoot35=LjRoot36,96
e3ec021309532068e30618f60ce2edf9,perfect,LjRoot254,100
fe96bd2bc321a90d6371cc3620d49690,perfect,LjRoot71,100
af9e35a1100f1ec00f140b0b5694b192,perfect,LjRoot226=LjRoot262,100
18f73a8f78892ddfcb541f52197271b8,other,NA,NA
4220f825b744d4188d9acad58b863237,perfect,LjRoot4=LjRoot52=LjRoot142=LjRoot253,100
ae5a5ddbd6f69024e2f1648f043dc6fb,perfect,LjRoot12=LjRoot42=LjRoot44=LjRoot186=LjRoot249,100
e6ef2552608207b584bd1380e69fa7a5,perfect,LjRoot229,100
73389b84cf25d361737b497a0794ef2c,noisy,LjRoot122,97.9
9594b4b1b1dd2c4a0bbc2d9fb2ac7278,other,LjRoot296,91.6
4419a878bc128732f68a2ffd60a30573,other,LjRoot82,92.5
61d0266674536ea62b4b986c8b4bc43b,good,LjRoot70=LjRoot91,99.7
fd20bdf653287dd3de85661cd7eb5cc8,good,LjRoot246,99.7
0fdc352253b2440094fb41f2ab79aaef,other,NA,NA
447e1fc1cdb37dba3e8a87fed92b0f1d,perfect,LjRoot227,100
067d6c91c00eecd4aea75d5a4bddfc36,other,NA,NA
3aac2bea904e345db79ae739f98d1951,noisy,LjRoot117,98.4
eedae0b0ee37b5e5fef37279c17171b3,other,NA,NA
ca238ac75951426e89841bb359ca387e,noisy,LjRoot296,98.9
b5c8b27bd5976a712a1dcc40b4436cbf,other,NA,NA
1230ffcd7be8f6a5a63db77f9f232a03,other,NA,NA
bf7e6261c528c7cdf425c0422e3b498f,other,LjRoot282,96.5
4f8aba99659f6899edc4a7732a06e49a,other,NA,NA
465406679488012ff1a49ec88e2c7e39,good,LjRoot183,99.5
a47b3017cc086f22fbf73cdc8f91d64f,other,NA,NA
82ff85afddd6a3343f9f41f597083ea8,perfect,LjRoot104=LjRoot239,100
3733516e077d77db24d78bcf63865fb4,other,NA,NA
7be6f3989622b7ccd63266e4803c584a,good,LjRoot299,99.7
202aa98803293f1b34529efadfa81b32,perfect,LjRoot2=LjRoot46=LjRoot50=LjRoot51,100
462b4d96bba84fc788a76a9a790d5188,perfect,LjRoot30,100
5a7ca5271412c096b7e89e80736538a7,other,LjRoot228,92.4
35269020cda245f187eb7dd0791a5432,other,NA,NA
87c004ad251e6c00dcd57b9d827bf8e1,noisy,LjRoot122,97.9
b23883e4d60250e99543615c3267d957,good,LjRoot22=LjRoot241=LjRoot267,99.7
8eada08b3fdfb1f9706fe5240f37b1b8,perfect,LjRoot220,100
467bf7b4320e1abd8177c6f0f5557039,noisy,LjRoot54=LjRoot59=LjRoot111=LjRoot147=LjRoot151=LjRoot154=LjRoot159=LjRoot182=LjRoot195=LjRoot250,98.9
096bb3f4046806afbf0002070eb5b14b,perfect,LjRoot184,100
eb92e8c9e8f6747bc8515640ec20b841,other,NA,NA
20b2a902918f20a9974ffe3117fceecd,other,LjRoot282,96.5
8a5d232c6927a9d40da16d73c776c591,perfect,LjRoot122,100
452f8957b1e574d5d1dbc0ae81fec920,good,LjRoot220,99.7
1e94f452cd60beb727b83ccfd38e6582,perfect,LjRoot145,100
a94992f297237ecc3ae63cf424f3dbf5,perfect,LjRoot248,100
81bd4416043d323a64156aba9ea92763,noisy,LjRoot284,98.9
e43f7173baab1621be9530cbe913353f,perfect,LjRoot29=LjRoot31=LjRoot34,100
d93d2a2e7b0c2ed96ca6074a717a8a4d,perfect,LjRoot78,100
c30cc55b221580507a9ae76d70eeb61e,other,LjRoot28,96.3
9dd43b18a48d6387f08c9e56c239b53b,perfect,LjRoot11,100
18bd64e82f1bf1ba18d22fb6b44cbf3d,other,LjRoot228,92.7
b53bacada661fc0ed9d175764c558ed2,noisy,LjRoot122,97.9
16ecf43905346fd430adefb65bc76d87,perfect,LjRoot277,100
8d2061a34a2d6c4c5e549a9773d40e85,perfect,LjRoot237,100
9d67aa3b963333a4a33a39bd36e40b5a,noisy_chimera,LjRoot25=LjRoot32=LjRoot33=LjRoot35=LjRoot36,96
6fb4f1f07b35973dce3dcf6ed539c87e,other,NA,NA
08e192b1210e7ecde6271a132c10c88a,good,LjRoot11,99.7
fd144860ade1fe9af5dc56ef271f8742,noisy,LjRoot17,98.9
69af318eec181ce91e3c1163c5354d76,noisy,LjRoot13,97.9
a3f931d518dea7fd863205ab65021849,other,NA,NA
e4f703c10d0197ab2a949081f6e0115b,other,NA,NA
335241f9cdeb4a16e3f395cb7809d30e,perfect,LjRoot224,100
8a4c2a4569b2de69e9916f61c249df8a,noisy,LjRoot122,97.3
6c2c733a19e183c5f69dc9a1ff158878,perfect,LjRoot13,100
3e2fffdd9a0e4965e43b80b1fda5e295,noisy,LjRoot299,98.7
2684ebedf34e20b596d8c22ef555c41c,other,LjRoot82,92.7
7ec7fc8e2aa9b9d6f57928e04a1f0309,noisy_chimera,LjRoot244,97.4
c4890d5401297034d9a6c38a663d504a,noisy,LjRoot122,97.9
2e7e1875480758222ec766186231bf8f,perfect,LjRoot20=LjRoot37=LjRoot38=LjRoot129=LjRoot138=LjRoot192,100
3fdba3a89eb8e2ac21072562ca0db8e7,other,NA,NA
5f6b165f3c5fcd98b10cf9d77b8815b0,other,NA,NA
797b65389eb0c25ea1ec0ae0c936903c,noisy,LjRoot293,97.9
eff9e8a7ff2aca61ed2ee1eb39b45022,other,LjRoot13,93.4
7e15f66fc66dfd45f188eea20fd046e8,perfect,LjRoot152,100
0b0bf54fef83fc9eb80a26378aad4e25,perfect,LjRoot152,100
89a20bba4b648137bc7ac09f5307b3fc,other,NA,NA
038c3576b4b047aa19ee4797d411f9f9,noisy,LjRoot245,98.7
c5e5472ce7f26f5ef7908d3f3e456c2e,perfect,LjRoot117,100
bd0b6d1df9ca4e894da70eaa378783e3,other,LjRoot24=LjRoot47=LjRoot48,90.4
e9fff5381758e2e1f94e8f6b884503e7,noisy,LjRoot122,97.6
47b22fbae2065fa38842bb02b4da6f09,other,LjRoot227,95.3
7b7a2ea604bac8fc14d811d60b17fda5,other,LjRoot5=LjRoot53,95
e8d278a2624862db4905e9727525439d,other,NA,NA
7ce72efd8cb9b965864dabb5e1118643,good,LjRoot289,99.7
4b6254ee73ee91f4ede7f8cf51f5bd99,other,LjRoot227,92.3
27bae41a149c2933e0a1c32f4bcc8582,noisy,LjRoot222,98.9
852c7e485032fc07545cfb354ebe781c,perfect,LjRoot80,100
0a6500988522bc9d6aee2776322a6db1,perfect,LjRoot257,100
d65ac7c1b740c694e62cbdeb42062d6a,other,NA,NA
df8f605e6ac29ca0848211afdc024389,other,NA,NA
a09ffff8ac5f8a0a89415b2af3510e44,other,LjRoot221,93.9
f2242278954a4edcdf637c335b341504,noisy,LjRoot269=LjRoot276=LjRoot280,98.4
c7968302d721a822423758d6be1c046f,other,NA,NA
7effe4faa1f26bf9ff911521e0e52d57,good,LjRoot122,99.5
c9d380625a1d09926d9a1e65be39c04a,other,LjRoot21=LjRoot60=LjRoot63=LjRoot68=LjRoot73=LjRoot77=LjRoot125=LjRoot143=LjRoot156=LjRoot157=LjRoot165=LjRoot173=LjRoot193=LjRoot197,96.9
7565e891b64030ad85cbba9711d4dd1e,other,NA,NA
59f1a61d860e83ac7fecb78cf360ae93,other,NA,NA
2708906200631e0580a41392ad84704c,good,LjRoot152,99.7
5a856f6bc1b8de2e1d68a2fc8b4b74de,other,LjRoot149,90.9
f251b6ea001d8831f29f1f835033fc7b,other,NA,NA
49c3dfc1cb0dbe6b67d6910a50f5a95b,other,LjRoot227,95.5
ab7bcbb6b568c7d21a86750977fac8e4,other,NA,NA
0ad7bbf9d40e6acc7dccdafc38422be7,perfect,LjRoot251,100
8795257ad8ffc91bd23d146ec8d2eac3,noisy,LjRoot284,98.9
203ef49d3c39cc0ed62660c90382666c,other,LjRoot145,91.3
31c53d9aab8a104513c360b5e2e7638f,good,LjRoot11,99.5
c5c2f468ed0c84f898045623856679cf,other,NA,NA
bd54cdde92c9729991f2130849672d54,perfect,LjRoot131,100
46b0f9245b125a72545dc15ecba45159,good,LjRoot247,99.7
9bb3f35284f110037165d089395ef081,other,NA,NA
655ad6f1a7bbdae1463beb044841a152,other,NA,NA
35b6f273daf5d2183fd5b6c568bc89bd,other,LjRoot284,96.6
4cd3f941af33497d4ba3c3b288999307,noisy,LjRoot1,98.9
e69a0d615e36a348972dd66f07a2dabe,good,LjRoot22=LjRoot241=LjRoot267,99.7
9cf7d60d1b9bd9e796c64f0e5bdb14c4,perfect,LjRoot54=LjRoot59=LjRoot111=LjRoot147=LjRoot151=LjRoot154=LjRoot159=LjRoot182=LjRoot195=LjRoot250,100
fe5625f8e0a8da930379f0a94b97389b,good,LjRoot62=LjRoot69=LjRoot99=LjRoot126=LjRoot139=LjRoot150=LjRoot160=LjRoot161=LjRoot170=LjRoot171=LjRoot172=LjRoot203=LjRoot236=LjRoot260=LjRoot294=LjRoot302,99.5
be49353973ce67e4fad1d2b7d9aff5c4,other,NA,NA
6b78e71b78f3101c6514eefdc598238d,other,LjRoot27=LjRoot49,92.7
a5d84ecb167e859ddba81bb0c6d31642,noisy,LjRoot284,98.4
8e76aaa108fc45e201e40ff625dd51c0,good,LjRoot117,99.5
7ffd15236a99f74873d4ee9220a87a29,perfect,LjRoot230,100
19a152ab44dbb115cbcd451cfcb4759f,other,NA,NA
7ad45e318cd517b9f4b19daf240f143a,other,LjRoot231,90.6
587d89449c0ad78474eb1b5fbe3e1d1a,other,NA,NA
db93fee2aebc0d253d009bc4ed106ebc,other,LjRoot82,92.5
5603a9c6ddf83803ec6b62013849b578,perfect,LjRoot97=LjRoot101=LjRoot167,100
5e3dbe898476ad4a51206636b3b2aaf7,noisy_chimera,LjRoot244,97.6
9053d1784a189f5972fece877a62dc2d,other,LjRoot28,96.2
08fc0181f6dcfbc17f0ea2d46761b541,other,NA,NA
f5198fa99cad403e6e7c787f251fee7f,noisy_chimera,LjRoot184,98.2
4d1a9146377f18e58c642afadad2cec8,good,LjRoot122,99.7
0273d0c6cbf300b65f9d0d025a3e8f78,other,LjRoot117,96.8
e8f35966ad76eb412397a75bb0545b68,other,NA,NA
31dbe9d21eb5da56f2d14c1dbcc7643b,other,NA,NA
dacbefc032b03c642e865e8e79851aa8,noisy,LjRoot269=LjRoot276=LjRoot280,98.4
8e266d1c2502a685ae0b74a34f0d3d4a,other,NA,NA
64ff8472d625c41370deb55307706209,good,LjRoot277,99.7
4fd2887ec32533e9a0af45e16e67692a,other,LjRoot28,96.3
86b9843414be7c48c81b1a8c4d438bad,other,LjRoot153,91.6
408943299e3e78e6507f3313a5497af1,other,LjRoot153,91.6
489d14811489ac52bab04202e996543e,noisy,LjRoot67=LjRoot74=LjRoot96=LjRoot105=LjRoot133=LjRoot144,97.9
41d384b0fa21f012ecb6ae5ba52c4321,perfect,LjRoot122,100
eded53f2fd2471b8c955a6feec859837,perfect,LjRoot246,100
6a155edd46a185b64b26160db3029fdf,noisy,LjRoot71,98.9
1ac407eadee08776da7f50e70c65890b,other,LjRoot149,91.2
bd90faaa34a776a589d0517a4c28901a,other,NA,NA
167e9147d0b516377f764a8eb00aa375,other,NA,NA
5c68449b47d97a74c016d0767ca72585,other,NA,NA
82a5e145c8a0f6db928b099bef1c1fe1,other,NA,NA
a030fb5caeccf915d72edbd26b0296ef,other,NA,NA
a84ef97cbd5757e24275cff44b846c0b,other,LjRoot24=LjRoot47=LjRoot48,91.3
cc13271b80fd6fd745f8667ecd65bd86,noisy,LjRoot183,98.1
b1e7b9fc934e253a7489d7f89cc29630,other,LjRoot288,96.6
64a8651759aedea5492e6be7a8cc37d2,good,LjRoot13,99.7
eba137bb3e3e4d380ec3c07377e0b8e3,noisy,LjRoot122,97.6
d132385aacaad6ef9e348817a668cac9,other,NA,NA
8a8ac92e2843581a23c3a875d2aa2af3,good,LjRoot287,99.7
809775cbb9eec62549c2330bfca3ec68,good,LjRoot254,99.7
8d7381e715a298a33abd6fed29d437c9,perfect,LjRoot9=LjRoot233,100
49c021fba5f6e3f58984830b1ba2dd6a,other,NA,NA
2ab077f1e51b9f4a0c4495898eec4f02,other,NA,NA
55fb35194d78ee11f56c3d3a295890b0,perfect,LjRoot153,100
819ac3f26e0d84d60c5ef34ce23b0b82,other,LjRoot82,92.2
959983623dca6747cc7d772397728707,good,LjRoot3,99.2
89a3eca8e8f41645b8e6f58c5f21b14a,other,LjRoot30,91
35b5679ab2a60985186a509dd0f3e6c3,noisy,LjRoot222,98.2
f876ff6cffb4eb55c6056884668e221a,noisy,LjRoot122,97.1
d7b2e1dc898700191f4cc3cbcfe79c42,noisy,LjRoot282,97.6
c3136186fa1fe8c9a6c8a19d1579efcd,other,LjRoot153,91.8
eeb774acd861a763cb884e3d6a0761ec,perfect,LjRoot28,100
e564159f5e0f888d79d5335ba1b21f8c,other,NA,NA
8b8063b36e365605132bb111b2a74e54,other,LjRoot226=LjRoot262,92.1
efac5df893fdda8fbac6c0d088a9f6e4,noisy,LjRoot1,97.3
8b77e5843dfd0f36463bb6431940f429,perfect,LjRoot247,100
1af2baee4fa4474f79e34cdb5daa7caf,other,NA,NA
f7f716b00cd0a707328ddab0491865ee,noisy,LjRoot15,97.6
037a2d89aead1bdaa8ee763ae9711269,perfect,LjRoot296,100
d273e01f61741e725ce68661063e1aaa,other,NA,NA
daddb97902c12aaf06495f93ac298f09,noisy,LjRoot282,97.1
94d22e00703f6f3f588365a9ade8c465,other,LjRoot237,90.2
31bc9fa6b433223bcee6e739e15d9a25,noisy,LjRoot122,97.9
27ec21d6778ef96cbc82f654852380b7,noisy,LjRoot162=LjRoot252,98.7
eb3ff15be392f7a9618327e2856d4f79,noisy,LjRoot291=LjRoot300,98.7
049d210cefea97a0b011ee36bdd0033b,good,LjRoot71,99.7
bdc53dc2ebd20a2e5deb0b07ba407549,good,LjRoot152,99.7
127fc14c26e99238b58cae27c54db0e8,other,LjRoot269=LjRoot276=LjRoot280,96
8a21f3a0c55af4f45f9e8b97ff4ec574,other,LjRoot227,92.4
5bba640bf434564e7e51be960945f741,good,LjRoot122,99.5
42322a101bdd7354f6c71a0f00b0b9d2,noisy,LjRoot15,98.4
33392dda91b7246f874b6c9d23e7a1c8,other,LjRoot153,91.8
e6b335d42f72fd5a5e869511ee23f0b3,noisy,LjRoot19=LjRoot45,99
98e490b53d5ee45954632b7cd0112d1d,other,LjRoot231,90.3
dc43246d742931abd270b29ddb8528c1,other,LjRoot24=LjRoot47=LjRoot48,92.6
974576c8be5ba0b71cd7832866d24c05,perfect,LjRoot65=LjRoot194,100
b12a2610b9ca2e916c24d1940fc1eac7,other,NA,NA
17819753ead77b1c7b7d113830c3f81c,other,NA,NA
89483accd1cbdb9172f0ce30bf389c17,other,LjRoot226=LjRoot262,91.8
11f7126d09fa8831db7b14ad1a509ece,other,LjRoot28,96
b72e931e9af86b1701bc2f5bab559574,noisy,LjRoot295,97.3
7985050b3398c0edb5a6d97940d3ae0d,other,LjRoot71,90.8
166b64e5e9f15eaac8703c046a9341aa,other,NA,NA
7bf1370da47fd872f18ba3e0ac4b72ab,other,LjRoot27=LjRoot49,91
396d056de8d728ddadbaebeb26b326c0,other,LjRoot12=LjRoot42=LjRoot44=LjRoot186=LjRoot249,96.6
855cbf6fe1ead327975ba8d9af07e882,other,LjRoot27=LjRoot49,91.6
c5ba20658b18acc3ffb3925d41aa6530,noisy,LjNodule209=LjNodule210=LjNodule211=LjNodule212=LjNodule213=LjNodule214=LjNodule215=LjNodule217=LjNodule218,98.4
2cb38af3ec67e51fe86fa8ddd9bd9cce,good,LjRoot162=LjRoot252,99.5
40288af97208609a489a8087bded5cac,other,LjRoot12=LjRoot42=LjRoot44=LjRoot186=LjRoot249,93.4
3018beae17effeee347f342d78c0a5e9,other,NA,NA
d5ec584a682b065d21f82c86dadf25cf,other,LjRoot27=LjRoot49,90.5
9906bbebd4957181618f324dc9903e56,other,NA,NA
ea2b5b721c983918a29d59beee6cb6fd,perfect,LjRoot222,100
ee9918be51b960ca824b6d2f5807dfc3,other,LjRoot27=LjRoot49,93.4
a0b4bb08924a3a7cec36e80760dd76bc,noisy,LjRoot21=LjRoot60=LjRoot63=LjRoot68=LjRoot73=LjRoot77=LjRoot125=LjRoot143=LjRoot156=LjRoot157=LjRoot165=LjRoot173=LjRoot193=LjRoot197,98.7
556428c2a6663ea235f1b44669025011,noisy,LjRoot104=LjRoot239,97.9
e8edae7199af61cb5d64b81c52474bb3,other,LjRoot122,95.7
1379c8625e39152b57a1f00fca652247,other,NA,NA
9eaaa7bcc50908023328facdd29e3414,other,LjRoot227,92.6
1bd38142e1a4ac4d6f96f83e5d92af66,other,LjRoot153,93.2
a83dca8a72061ecb3551be2a2103eab2,other,LjRoot13,96.8
4843dd6b81046729a74885b4daa5758a,perfect,LjRoot122,100
536ed51204b03657ec6a7cf86ca9c692,other,NA,NA
a168a68f0727ac5d43925f944d528c1c,other,LjRoot13,93.2
e99f26f096400559f179bcd5827b48f0,other,NA,NA
c2c92bf2b0a658ce2854ce58c3c58693,noisy,LjRoot13,98.4
3edeb2c60ace8c13c718b7ae1f973471,other,NA,NA
3588e1c4b4fab70734e4cd784025e21d,perfect,LjRoot19=LjRoot45,100
691882ea125a6878f56bb9af766667a9,other,LjRoot240,92.8
98ad6d2a59ebf182eab668ed56381b90,noisy,LjRoot1,98.9
6294977f8e115dd91919ff35441342a6,other,NA,NA
23332ebed2e217912c0adca8a9ef97da,noisy,LjRoot1,97.3
3582debb243c4d9c745ea98dd352a5e3,noisy_chimera,LjRoot230,97.3
d20a121aef70345c6692458526be1a7f,other,NA,NA
b000f4329919d545e52c0d8ef091044e,other,LjRoot153,95.2
af64376aa99d1401cd8fad0f94f71cee,other,LjRoot82,92.5
2d11f7d1c0d25bee3488ddfb4a66bafd,other,LjRoot283,96.9
f08218fdd4e791cefe4a03b66ee5f621,other,LjRoot227,92.4
6429667873a3d2dd6a53ce2837a22c07,perfect,LjRoot90,100
3bc08ce4239805f70b46d94b2dc22096,noisy,LjRoot152,98.9
c4ae35f79d9ffff7b5b63abf49f6dc4d,other,LjRoot227,91.5
9b01e1f6cb0ddba834fd735bf4b2d0dc,other,NA,NA
d0331c97f1bcc99db07d2bbd8729a03b,good,LjRoot231,99.5
3d164f094774f633b5668c92321a42c8,other,LjRoot5=LjRoot53,94.5
cfe2798797c90885e95c15b702c908de,noisy,LjRoot245,98.7
48e57b0f132cbb0580c73b6bbfb5e79c,noisy,LjRoot122,97.6
6fe3871ef0342dbf647dce1f5378fa51,noisy,LjRoot122,97.3
63c842fb6543350330a9e2a1edb341aa,other,LjRoot12=LjRoot42=LjRoot44=LjRoot186=LjRoot249,92.9
5d93e861058c82d08f6033f7cbe60aa9,other,NA,NA
841d0c317ea049a9336f35da9edd0b4c,other,NA,NA
7a87b755be671f0dad3d20745752486c,other,NA,NA
7ca6c57cfca82ca730bca3ce6e1f2dfd,other,LjRoot131,93.1
89cb97e01abe8c40a11f0e82ce6f8e04,noisy,LjRoot21=LjRoot60=LjRoot63=LjRoot68=LjRoot73=LjRoot77=LjRoot125=LjRoot143=LjRoot156=LjRoot157=LjRoot165=LjRoot173=LjRoot193=LjRoot197,97.9
fa00c2f80d7a261d7e8d62caf32cf167,other,NA,NA
52bd3ba0f249cda991a990b18da6c216,noisy_chimera,LjRoot25=LjRoot32=LjRoot33=LjRoot35=LjRoot36,95.5
61972e2a22ed9ca0f9cc8748f5d95e28,other,LjRoot1,95.8
4dcb96f9ef0c5858c8ef0b16edaf305f,other,LjRoot21=LjRoot60=LjRoot63=LjRoot68=LjRoot73=LjRoot77=LjRoot125=LjRoot143=LjRoot156=LjRoot157=LjRoot165=LjRoot173=LjRoot193=LjRoot197,96.6
9ac0264bfbdd4f31ca68e8e0ff48c0a3,noisy,LjRoot282,98.1
c268adbecbbd7dec882d51b5d3d62357,other,LjRoot19=LjRoot45,96.9
0edb5e3becf55e78cd22d91b2d0bbfdc,good,LjRoot71,99.2
56ce751c5fba529eca98752c6b141e80,other,NA,NA
8dbdaea5e40dce68b2299a967223f8e9,other,LjRoot153,91.8
69fa9b8776f33a37b60699de3d1780e8,other,NA,NA
cc0b6b94349a9efc5f9aef3cc51bea3c,good,LjRoot12=LjRoot42=LjRoot44=LjRoot186=LjRoot249,99.2
9161fe708465cd38a265bf16f62d6488,perfect,LjRoot223,100
bf2dc0918772095409db3bae33ad5306,other,NA,NA
45cfaad4d10d3b595e0c358cdf1a9582,other,LjRoot153,91.8
bfc4dc14414234fa44f212193d8cc560,noisy,LjRoot149,98.1
68b41361b56d4b8d0d2015c39c876261,other,NA,NA
dd3786d8ccf677c2b1bdcd67910a9cf8,noisy,LjRoot25=LjRoot32=LjRoot33=LjRoot35=LjRoot36,98.4
ee0b49b0815f9bcd2849093811ab7989,good,LjRoot152,99.7
6c7b806e185f7c120b36e8daf5b85609,other,LjRoot27=LjRoot49,94.7
7f90d698d471fd24bddf730b6d93b289,other,NA,NA
b2607c3a5cf5577db9f6b67dd2239095,other,LjRoot78,91
94721ed76c9702b6d517e454359981d3,other,NA,NA
c34cb87c43a979f08da81f3ccd5d7bd9,other,NA,NA
3af8e7d1fc952a29f9da72e6e8d87557,good,LjRoot11,99.2
fba08969ed644bbdee727ee4121bb423,other,NA,NA
646476c0915765ea21a94637f073a119,other,NA,NA
d01b366f363ad165cd78cf93e76194d7,other,LjRoot25=LjRoot32=LjRoot33=LjRoot35=LjRoot36,95.5
9258f78fb173cd7acf84140ee5665129,other,LjRoot153,94.9
fcd783fd4ce019b2a3dca900baab4f3e,other,LjRoot27=LjRoot49,91.2
c438342019399dc830cc54e743124658,other,LjRoot27=LjRoot49,95.5
006095ebbc43605d4400a21c1d308637,other,LjRoot282,93.4
7d93a8d68b60f5791183f4920ae2641c,perfect,LjRoot261,100
fa9345fe60a9a2b65f258f60036cca5a,other,NA,NA
79b1c3dfcd53f3f14d21fad30e5d4f0f,other,LjRoot226=LjRoot262,90.6
db2c4b787b90ce6956a45ce9a9e10849,perfect,LjRoot231,100
fbac77a590f50dff3cff7edad2b41439,other,LjRoot227,91.5
3cf05a567ed3b934b117fa2759fa6352,other,NA,NA
049ed8e0e1d0c74f4fffddf03f3b5cd7,other,LjRoot227,92.1
bbb8d676642c1fd1b99a9b7a9534b14c,other,LjRoot153,91.6
7d16634a2c74de2f0c0668f34ff3377c,other,LjRoot12=LjRoot42=LjRoot44=LjRoot186=LjRoot249,92.7
ec0d1623ca5da985ebe91ebac18fc024,other,LjRoot78,90.3
e998e8229ee872d15f54c2021189d7f0,other,LjRoot27=LjRoot49,91.8
1f0fa82556de1670872587cf01231794,good,LjRoot122,99.7
b8628d8b16cd69a5632d01aea5966d9d,noisy,LjRoot282,97.1
69344b4f03ece7a36b36bba0d64fa061,other,LjRoot122,96
7bbf75796a71b798e1408e9c95dc5d2e,other,LjRoot227,96.3
f3f85c735b7a2e4061414beaf27af869,other,NA,NA
bffd1a6dcb4ea4c372d371b0d2e06794,other,NA,NA
92f95c54ddef5ebaf57f34f085ad79d6,other,LjRoot228,94.5
ddf3f9aa67ce46368e9f7608393da11b,good,LjRoot219,99.5
df3c3c55df21cace009458cc54b47dee,good,LjRoot244,99.5
7376af2f67bae0d9155e30bdcafaca46,noisy,LjRoot284,98.1
deed4bbeef4ff45eb45b9496ac014574,other,LjRoot21=LjRoot60=LjRoot63=LjRoot68=LjRoot73=LjRoot77=LjRoot125=LjRoot143=LjRoot156=LjRoot157=LjRoot165=LjRoot173=LjRoot193=LjRoot197,96.1
4185b70be2157c816e52d84184f1dd19,noisy_chimera,LjRoot28,95.2
9834bcadd00280a62962805b31c87ced,noisy,LjRoot16,98.2
2e9ac04aa3ed9b17650a602a63492b7f,good,LjRoot258,99.2
36bc746aa1b041a4e9096feb2d90794a,good,LjRoot291=LjRoot300,99.7
d7ab71c1eb9a093d609c502ef2dd9da6,other,NA,NA
5fc68c9d34623e3274562ae1bfa8e775,other,LjRoot5=LjRoot53,95.5
117fdac68a7ade17f8e9404f58f5c287,other,LjRoot19=LjRoot45,96.3
4380dd9c84d31b51e0acf8f47e523bd5,other,LjRoot12=LjRoot42=LjRoot44=LjRoot186=LjRoot249,96.1
80a24e2f6d3089554ef8d2879d791a62,other,NA,NA
e054bad31d32b456e7c5b138b3a2ad68,other,NA,NA
35e7d7be0dbb2842b1d777e9b1443874,other,LjRoot122,96.3
cb9b2203e47fe87dff78c6b649273ca1,other,LjRoot13,93.7
8bd539470d4c6b0274da740bb3c434af,other,NA,NA
25f064270128b2c559018fa84bd4520e,perfect,LjRoot27=LjRoot49,100
5c9ab06fedb8be3ebb59ef85c4130030,noisy,LjRoot221,98.4
2bd237afea78a3d703ecb462fd84cbb0,noisy,LjRoot122,97.9
89813803d14866d98356f0428e4d97c4,other,NA,NA
574d17be5cd699bba2867597658944fd,other,LjNodule209=LjNodule210=LjNodule211=LjNodule212=LjNodule213=LjNodule214=LjNodule215=LjNodule217=LjNodule218,91.6
0e24c54979d7e1f1cb64df9a39c03a75,other,LjRoot153,91.9
0fac6d0880e9e9a1ca3963473fe2a2e2,other,LjRoot24=LjRoot47=LjRoot48,92.6
7d926177e564edb57d4e4281291f293b,other,LjRoot5=LjRoot53,95
47bf888b3818177fa2e6ea3207511409,other,LjRoot282,96.5
20112faf15150f8324b1c5f56e8c3b04,noisy,LjRoot25=LjRoot32=LjRoot33=LjRoot35=LjRoot36,98.1
4d1e7edd55f6797eaf3f7c0c141f5053,noisy,LjRoot1,97.1
4f82502a72fcf6a04d0ab048c3aeb742,noisy,LjRoot13,98.4
79dff2ce5b1d3dd16587dd9fcd68cdc6,noisy_chimera,LjRoot243,98.4
f7ce02f79670e335e8af7eb622ae4d5e,perfect,LjRoot293,100
91c1b7e8a9961073c4033c217d9f90a8,noisy,LjRoot15,98.4
17db5db23f1fa03f44bebbe999ce558b,other,NA,NA
7bb7c461d5e988bc32d5b5731cc30bd5,other,NA,NA
89f9897383e96a050a8898b77e42c378,other,LjRoot28,96.2
c8732f2e8da1f4e5127dc8fdeb76aa2f,other,NA,NA
75cb2e63e4466186d94ca6997879158e,other,LjRoot237,90.2
8976637ce0e1d34c93bf2a507a8a6f72,other,NA,NA
8c94386c904bd9e60f9791935c07a8e8,other,NA,NA
33a7eae5c7b545d34f52dad67686e209,other,NA,NA
6d2eacbf7d150de7b39d981efa371b2a,other,LjNodule209=LjNodule210=LjNodule211=LjNodule212=LjNodule213=LjNodule214=LjNodule215=LjNodule217=LjNodule218,93.7
7d9a2f481620646b0010fcc3ba8ce7ce,other,LjRoot19=LjRoot45,94.5
758d250d54f639ed39891c3fbd4ecb6f,other,LjRoot223,91.4
b372a0713c29a74beff1091a9d72df82,noisy,LjRoot202=LjRoot256,98.1
645786b2c8c594208676530b00c52fdd,other,LjRoot153,90.8
4daab661cf839c0c7952807dcc577f21,noisy,LjRoot17,98.7
52827ead00a6374aac3c44f4be293116,other,LjRoot80,96.6
cc82d8105024b11331961ccaeefbd507,other,LjRoot22=LjRoot241=LjRoot267,93.6
29a95df404c3556477e125b478fb6736,other,LjRoot227,90.5
ae3e8fde012e7895a2a998019e3ea634,other,LjRoot177,96.8
2cb73c0b097ee68bde6bf30f41b231ba,other,LjRoot80,91.6
dcdab6d42f5d95a83ea2c025c1f4668a,other,NA,NA
8c715d72780e6caf877ec32d9d520a38,other,LjRoot28,96
95f05a6cda47cbe7a4280ebeaa329f0f,other,NA,NA
e8383850645f026a246bd9ee081ee4cf,noisy,LjRoot282,97.3
4695a3ff6f02feb0535536dc278d5623,noisy_chimera,LjRoot283,97.4
00fb5375c6212c100fc603fc4deff2e3,good,LjRoot289,99.5
501defbf662ab50bf4c3f83f5521d439,noisy,LjRoot244,98.4
097d69af0203f0e4801713cc02326995,other,NA,NA
72951acb7c207526779ba2935f3d1f80,other,LjRoot227,95.5
5a6ca9b9c54fd2ef7c6f68f53763e20e,other,NA,NA
a0e3ac8c839b0b5e7cf7e95e4f66021a,other,NA,NA
4c51ba4c28c9ce1e72e3e2413cc409e8,other,LjRoot227,92.4
abc593d516edc325318e1266aa667bee,other,LjRoot283,96.6
58538cc8922548a2d6c190e9cf6fc80d,other,LjRoot24=LjRoot47=LjRoot48,93.9
3bbb610d5890eb7eab5387a242640a75,other,LjRoot25=LjRoot32=LjRoot33=LjRoot35=LjRoot36,95.5
f70857804674c58b41ddca2f7b1e311b,other,NA,NA
ec78a18fd63a9553dd3f5845b3843810,noisy,LjRoot222,98.7
2eed7675892c8e700dd87f036a31f706,other,NA,NA
55a1b4c9199e54ff65d07496ada4023b,noisy,LjRoot223,98.4
7966afc421129a635583fe50dcf53958,other,NA,NA
55ca0d1fba71c256a1de4ad45eb9445d,other,LjRoot13,90.2
4855de09a3faa710da9308f5a6ce7357,other,LjRoot295,96
d976a2c95be96ead10b982dca944c00d,other,LjNodule209=LjNodule210=LjNodule211=LjNodule212=LjNodule213=LjNodule214=LjNodule215=LjNodule217=LjNodule218,90.8
b81387c3b950c036b85c9314c3091146,noisy_chimera,LjRoot244,97.9
fb98dc9aef8d59d385df83d8cd68f1fd,other,NA,NA
0f5c3f126cf32ee813a91b087b8c22dc,noisy_chimera,LjRoot244,97.4
e9afbf8068ad2928202f77d57bd8032d,noisy,LjRoot227,97.1
d39c94f71eb3ba36b665c2aad20e18af,other,NA,NA
5db5ccbf1a2d3e7c57dbf0e334428a82,other,LjRoot153,91.8
074c25f7e155569209643fe6e35a6a16,other,NA,NA
af6fcc4b9abc3c3d8ea1e4acfb2d6295,other,LjRoot145,91
d039f8950979b6d7b777d396e77d5c78,other,LjRoot3,96.8
d916c6aa49263b82aad83592122785d5,noisy,LjRoot1,97.6
29e6adaabbdc8f1d5ac19924d0a47443,other,NA,NA
c9cc5a4746cbe16b845cf0c141980afc,other,LjRoot19=LjRoot45,95.8
bd6a231b4164638d8a2f7aafd76cc0e4,other,NA,NA
50a45ddab4657b3c30e5fbda16ddf545,noisy,LjRoot177,98.2
ffdb7315411d3f73c719d90f153ddf8d,noisy,LjRoot227,97.6
451c4ded724efed8acf9fc947ab93a85,good,LjRoot92=LjRoot232,99.7
da9631d1cf106ba8211214a4fa6c3d11,other,LjRoot25=LjRoot32=LjRoot33=LjRoot35=LjRoot36,95.5
6ed57ba065f589cb3ea3f28fbcc33ddc,other,LjRoot27=LjRoot49,91.3
5591c34f5b0a0fcb7e03fd0a7953ba6c,other,LjRoot282,93.4
0f550841d33d078d8af5165c2c95b0ba,noisy_chimera,LjRoot65=LjRoot194,93.9
de7c975656fd657a10be26851a5b4f4a,other,LjRoot227,90.3
3afc14d4551b43c0e9f9835de8d58802,other,NA,NA
8998b598a95d0b8b493309c24895717a,other,NA,NA
d509eb50c773fcd9f820c83c572801aa,other,LjRoot295,96.2
a3a4a7ed21274762581e329fdf6aea68,other,NA,NA
f9562ec8195301ede2664da7747dbd36,other,LjRoot28,96
9e31a7fa3665e438407af10d9cb1bc63,noisy,LjRoot122,98.7
d7425ab7d220b6d64f476018b9c3591f,other,LjRoot153,91.6
41bb4bb92eac188ec88bc91373d13b8b,good,LjRoot12=LjRoot42=LjRoot44=LjRoot186=LjRoot249,99.2
41147bcc015dc30a02fe5bd42f7a4020,noisy,LjRoot71,98.7
1907225b331cf47048a53bb59b100918,other,NA,NA
33a776283ecf5be9fa4b1fb0a3dca15e,other,LjRoot27=LjRoot49,90.8
eab334f66e02a6749195ddce19e091ff,other,NA,NA
aa93ce3defb31cbb5ae2d03ea62a82f2,good,LjRoot122,99.5
1c55bc979bc99e9949fc8c347e5aef3c,other,NA,NA
375332f2944b70014b502716d54966e4,other,NA,NA
dad22887482514cbfa778363537f32de,other,NA,NA
4808ade2f5b9d358277b278130b0b40b,other,LjNodule209=LjNodule210=LjNodule211=LjNodule212=LjNodule213=LjNodule214=LjNodule215=LjNodule217=LjNodule218,95.8
31caf78d70afff1240311bcd76a20b83,other,NA,NA
4f848dff80c365063b4b0c50559c48ac,other,NA,NA
c01c00e17dc25f56f1dec3d33854940b,other,LjRoot24=LjRoot47=LjRoot48,91.8
7798799be7330ba64124230c0585a3d4,other,LjRoot80,93.4
a3831d38cd415824480b806503fcbd81,other,LjRoot13,92.6
b9d67391a2ed473b9113edbe8fc18221,other,NA,NA
6202f4e9607782953885ad734be93ab5,other,NA,NA
a9188c44815509e2b3fe41ee2d39f17d,other,LjRoot223,91.4
a1e41d883fcf4a43a2ac848a70c28543,good,LjRoot82,99.7
69714a73b342a924b9da671fd6900ca1,other,LjRoot27=LjRoot49,94.2
fb8fc7265c6180c30e79c081fb19c7be,other,LjRoot28,94.9
acdc10e8a41311799de11e9b1151af07,other,LjRoot153,93.9
88cd36f783c5ca65a5e5c1fa1e8d9931,other,NA,NA
25fc128dc112a6f3c7e6fd7ab6c62353,noisy,LjRoot104=LjRoot239,98.4
56079cbdfb30660adb08adc12f487fe9,other,NA,NA
fd70db56aaa39b5f6b6fc3eb6883427b,other,LjRoot283,95.8
42795a350f1ea5d941009853bf6f9e82,other,LjRoot80,94.2
aff82eb1935e7de0c523f1687cbb3ab1,other,NA,NA
4bd834a8da2cea0bcf44b8a6fd897b6c,other,NA,NA
63b60ebd55e0d69e31ce71099085d850,other,NA,NA
b620da0fe643214d7b5692afada7d205,other,LjRoot227,91.8
9cc7ba87ae69902c3f01373cfbd84040,other,NA,NA
e1b851556f11adb0a79a3452e9079ab3,other,NA,NA
78096d9feef290d3da34b88c0b13fb84,other,NA,NA
f91b5f019b2798f21b72ae9d865e415f,noisy,LjRoot12=LjRoot42=LjRoot44=LjRoot186=LjRoot249,97.4
cf93fcf2e02dadebfb506919c2787a14,noisy,LjRoot223,97.3
e767d6407e86b415c6802851bbccb02d,other,NA,NA
182f63db60f4bbabf83b09fb36d4b2f1,other,NA,NA
bbda1296833d9f58d9adffbee37c86ad,other,NA,NA
21d3c2604d4a3e2186521cd4066cf39d,other,LjRoot289,95
f7524fc4108b1f20b3d3f4be3cf1228c,other,LjRoot5=LjRoot53,94.5
ccedcae292be09909fe82ac69b447ada,good,LjRoot97=LjRoot101=LjRoot167,99.7
62455e8a93a0f43da023d81e39f06302,other,NA,NA
4154d6d3ef3dcdc227493cf3829f6e9b,noisy,LjRoot226=LjRoot262,97.4
ea71dd6fc4b6cba9e7c1059adfddb717,other,NA,NA
dd0b4e77dfcef105aec67df557197fd8,other,NA,NA
76691f36e5a02e5a6b6dc3c54b6484d6,other,LjRoot24=LjRoot47=LjRoot48,91.8
946bcffe8a47726016fc955f0588579a,noisy,LjRoot284,98.7
3ae83fac9871c76c316052d01a98570f,other,NA,NA
3d67d16ced2d9ed7b052268ab38152e7,other,LjRoot24=LjRoot47=LjRoot48,95
6f5e790a1975f58002d1a535a0666e3e,other,NA,NA
7645dadffc71a07a8ad35c693bfdc2c8,other,NA,NA
5ef0dd575b273a142b32988b2029efe6,other,NA,NA
6f03ae25021a9b887ab46b56650291d9,other,LjRoot289,93.9
fc18f12b44b41d6e2eeae6a10aeab5c7,other,LjRoot80,93.4
9ed3b83c524c6301873b20cc16b83532,other,LjRoot27=LjRoot49,92.1
5f83da4241c8681d6e56d67cc1f732b7,other,LjRoot27=LjRoot49,90.8
d8158ebc2d88711b7284065494a561ad,other,NA,NA
438b7542b99f4d2faa5bc1982caa306c,other,LjRoot177,91.5
1c160930eda781771117e660ad49c722,noisy,LjRoot12=LjRoot42=LjRoot44=LjRoot186=LjRoot249,97.1
c924bc8578390ad664f7cb22fa3496c3,other,LjRoot227,91.9
82bdd628ef1c7315af22aef84146bdf8,other,LjRoot177,96
5092257697803ced9b7feacdffd01e09,noisy,LjRoot289,97.9
aa0a97886291116b0e7292edfb0be2d8,other,NA,NA
1ae66bbfe5b760dcd88b910ff9350ebe,other,NA,NA
7c2b5fe5671779daa3d1f73e617f4740,other,NA,NA
de04762ef5fee7cbe2ee89c79d5fb883,other,LjRoot227,91.5
42baf59931d1611e469f84ccc31eaa73,other,NA,NA
2f6ce300a38fc18294ca576c9643348b,other,NA,NA
8d4957a39290d21f2765118f851b0a92,other,NA,NA
edef5adabfaea28930c62ee19dffc330,other,LjRoot19=LjRoot45,94.2
6a6ceaadfa5f5dc2e54d586e3ec6cc18,other,NA,NA
e2f222bafba4898b38bf7b4c53274f74,other,LjRoot80,90.3
f54e164ee0080d62ed2be7db37ba3cfb,other,LjRoot80,90.5
2f0929252ca1b7bad0ac1a919a25cd5d,other,LjRoot153,94.4
94026d15805e679cb2619792abf88fde,other,NA,NA
7355debd337f91fe84b9ec29ae1e16f7,noisy,LjRoot259,97.9
0d450a5b6a483a8c7a66fd81c0c65d50,noisy,LjRoot15,97.4
9a8df02ddd8afc783f1479920fec65ea,other,NA,NA
79d38040792db484c392bddcece19715,other,LjRoot227,96.6
22416154b8b00efae80bda54c4552f63,other,NA,NA
ca6348fcc8eee87613fa44ddc810c8d2,other,NA,NA
aaaea3638de5040ac64fb48e4e3788c9,other,NA,NA
187dec14850d344ceb149b829e4eaeb6,other,LjRoot223,96.3
0becdca906662573cba64010f9889428,other,LjRoot24=LjRoot47=LjRoot48,90.2
a281bacc6e3bb542c0733678a06dc0e1,other,NA,NA
03344438c49c99203f88331411396bd2,other,NA,NA
c1bfdf9a79570d0e3e3b01120b25c47a,other,NA,NA
4416eb2e8f6ebfd5e607bd38a08ad88c,other,NA,NA
4a0562bf1b7f6b5178dc67153a990d98,other,NA,NA
0955ff53927ad4a385ee78bb5df68018,other,NA,NA
ff884dd0f32c3546e764d4af5715a737,other,LjRoot80,92.4
029e67c907505412b2a172dfa082b575,other,LjRoot227,95.8
cb09dd76159dca0072c576da1c8a66b9,other,NA,NA
57b4c4dac61154e822e23fef12680198,other,LjRoot80,96.1
12bcb6b05a5f6fa155835099565e97d3,other,LjRoot21=LjRoot60=LjRoot63=LjRoot68=LjRoot73=LjRoot77=LjRoot125=LjRoot143=LjRoot156=LjRoot157=LjRoot165=LjRoot173=LjRoot193=LjRoot197,96.1
a73eda9bdc58cb90529044a2f68c49aa,other,NA,NA
3bcb074935a4c2e512360ad2a96aae16,other,NA,NA
554388c1d234d0c1bb5f10708a46a58b,other,NA,NA
dc092774442a67db8a212e393c62f99f,other,NA,NA
389c714df4a482997564b57d6e0f8341,noisy,LjRoot299,97.1
2ec805f43625bc89bd5270b42bee0962,other,NA,NA
91ea4c3b290fc607429598ea2cbdb73f,other,NA,NA
6e156fe8e5e81371be7278cb7116d0e6,other,NA,NA
68a0d2ddce71290689e01774f98125b2,other,NA,NA
c750e67a1760e0a5ce9f90340dfbb5c7,other,NA,NA
810a5b8b505b9071ab04adc228b2813f,other,NA,NA
54de5c6fba982dbf3dc518a7ceaf7cf7,other,LjRoot15,91.3
5950e2d478b6ab92565bf17271f88b16,other,LjRoot78,90.2
1d5ff67e70bd4d0e2b4c111492a38e72,other,LjRoot28,96
d9cbb137e8a9d332dfe73f4389c722b6,other,NA,NA
c541da658c1ea18e96c8fd431ca4ba49,other,NA,NA
faac87ce04836f7338b830f40e3b2b65,other,NA,NA
37d425b1c16e6290943647113e8c7cae,other,NA,NA
e12c2324917d7df55aabdcb43b98ad2b,other,NA,NA
d2ee0760690ab69f0898b2d53ea7e725,other,LjRoot71,90.5
10f8d621a8230c61f220db2b38a308d2,other,NA,NA
0f163f29fef5f496236b101bd28cb70c,other,LjRoot153,91.3
d3f02aec2932052432c235cb2a18ca2c,other,LjRoot227,94.5
0aebb0e8b73064ab369e2f049cde0b8e,other,NA,NA
23dff3937098a4fc2d37c6aed5c8149f,other,NA,NA
d728fd663e3c53aee3730061d96d251c,other,NA,NA
6c705624fd7e1cc6fe7b2cad0a019958,other,NA,NA
4e8d553d8d326e3e4286ed55ade8a1d2,noisy,LjRoot259,98.7
6ded517e17ede3ab3479a1d464a1ea81,other,NA,NA
665f4575cf1a2e8ef0de48c5c30efb6f,other,LjNodule209=LjNodule210=LjNodule211=LjNodule212=LjNodule213=LjNodule214=LjNodule215=LjNodule217=LjNodule218,93.7
00ad9e8e66356b5840284f0ce9a964c6,other,LjRoot227,91.9
637bde164293484f9dda28d06f2d6a33,other,NA,NA
a1afe949798dc93451fec422188cd0c5,other,NA,NA